<?xml version="1.0" ?>
<LOG_ROOT>
	<PROJECT NAME="vending_machine">
		<CBX_INST_ENTRY INSTANCE_NAME="|vending_machine|lpm_divide:Div3" CBX_FILE_NAME="lpm_divide_2dm.tdf"/>
		<CBX_INST_ENTRY INSTANCE_NAME="|vending_machine|lpm_divide:Mod2" CBX_FILE_NAME="lpm_divide_55m.tdf"/>
		<CBX_INST_ENTRY INSTANCE_NAME="|vending_machine|lpm_divide:Div0" CBX_FILE_NAME="lpm_divide_2dm.tdf"/>
		<CBX_INST_ENTRY INSTANCE_NAME="|vending_machine|lpm_divide:Div2" CBX_FILE_NAME="lpm_divide_5dm.tdf"/>
		<CBX_INST_ENTRY INSTANCE_NAME="|vending_machine|lpm_divide:Div4" CBX_FILE_NAME="lpm_divide_5dm.tdf"/>
		<CBX_INST_ENTRY INSTANCE_NAME="|vending_machine|lpm_divide:Mod1" CBX_FILE_NAME="lpm_divide_55m.tdf"/>
		<CBX_INST_ENTRY INSTANCE_NAME="|vending_machine|lpm_divide:Mod3" CBX_FILE_NAME="lpm_divide_55m.tdf"/>
		<CBX_INST_ENTRY INSTANCE_NAME="|vending_machine|lpm_divide:Div1" CBX_FILE_NAME="lpm_divide_2dm.tdf"/>
		<CBX_INST_ENTRY INSTANCE_NAME="|vending_machine|lpm_divide:Mod0" CBX_FILE_NAME="lpm_divide_55m.tdf"/>
		<CBX_INST_ENTRY INSTANCE_NAME="|vending_machine|lpm_divide:Mod4" CBX_FILE_NAME="lpm_divide_55m.tdf"/>
	</PROJECT>
</LOG_ROOT>
